{
  "KR": {
    "countryNameEn": "South Korea",
    "countryNameKo": "대한민국",
    "alpha2": "KR",
    "subdivisionCount": 17,
    "subdivisions": [
      { "code": "KR-11", "nameEn": "Seoul", "nameLocal": "서울특별시", "type": "Special city" },
      { "code": "KR-26", "nameEn": "Busan", "nameLocal": "부산광역시", "type": "Metropolitan city" },
      { "code": "KR-27", "nameEn": "Daegu", "nameLocal": "대구광역시", "type": "Metropolitan city" },
      { "code": "KR-28", "nameEn": "Incheon", "nameLocal": "인천광역시", "type": "Metropolitan city" },
      { "code": "KR-29", "nameEn": "Gwangju", "nameLocal": "광주광역시", "type": "Metropolitan city" },
      { "code": "KR-30", "nameEn": "Daejeon", "nameLocal": "대전광역시", "type": "Metropolitan city" },
      { "code": "KR-31", "nameEn": "Ulsan", "nameLocal": "울산광역시", "type": "Metropolitan city" },
      { "code": "KR-41", "nameEn": "Gyeonggi-do", "nameLocal": "경기도", "type": "Province" },
      { "code": "KR-42", "nameEn": "Gangwon-do", "nameLocal": "강원특별자치도", "type": "Special self-governing province" },
      { "code": "KR-43", "nameEn": "Chungcheongbuk-do", "nameLocal": "충청북도", "type": "Province" },
      { "code": "KR-44", "nameEn": "Chungcheongnam-do", "nameLocal": "충청남도", "type": "Province" },
      { "code": "KR-45", "nameEn": "Jeollabuk-do", "nameLocal": "전북특별자치도", "type": "Special self-governing province" },
      { "code": "KR-46", "nameEn": "Jeollanam-do", "nameLocal": "전라남도", "type": "Province" },
      { "code": "KR-47", "nameEn": "Gyeongsangbuk-do", "nameLocal": "경상북도", "type": "Province" },
      { "code": "KR-48", "nameEn": "Gyeongsangnam-do", "nameLocal": "경상남도", "type": "Province" },
      { "code": "KR-49", "nameEn": "Jeju-do", "nameLocal": "제주특별자치도", "type": "Special self-governing province" },
      { "code": "KR-50", "nameEn": "Sejong", "nameLocal": "세종특별자치시", "type": "Special self-governing city" }
    ]
  },
  "US": {
    "countryNameEn": "United States",
    "countryNameKo": "미국",
    "alpha2": "US",
    "subdivisionCount": 57,
    "subdivisions": [
      { "code": "US-AL", "nameEn": "Alabama", "type": "State" },
      { "code": "US-AK", "nameEn": "Alaska", "type": "State" },
      { "code": "US-AZ", "nameEn": "Arizona", "type": "State" },
      { "code": "US-AR", "nameEn": "Arkansas", "type": "State" },
      { "code": "US-CA", "nameEn": "California", "type": "State" },
      { "code": "US-CO", "nameEn": "Colorado", "type": "State" },
      { "code": "US-CT", "nameEn": "Connecticut", "type": "State" },
      { "code": "US-DE", "nameEn": "Delaware", "type": "State" },
      { "code": "US-FL", "nameEn": "Florida", "type": "State" },
      { "code": "US-GA", "nameEn": "Georgia", "type": "State" },
      { "code": "US-HI", "nameEn": "Hawaii", "type": "State" },
      { "code": "US-ID", "nameEn": "Idaho", "type": "State" },
      { "code": "US-IL", "nameEn": "Illinois", "type": "State" },
      { "code": "US-IN", "nameEn": "Indiana", "type": "State" },
      { "code": "US-IA", "nameEn": "Iowa", "type": "State" },
      { "code": "US-KS", "nameEn": "Kansas", "type": "State" },
      { "code": "US-KY", "nameEn": "Kentucky", "type": "State" },
      { "code": "US-LA", "nameEn": "Louisiana", "type": "State" },
      { "code": "US-ME", "nameEn": "Maine", "type": "State" },
      { "code": "US-MD", "nameEn": "Maryland", "type": "State" },
      { "code": "US-MA", "nameEn": "Massachusetts", "type": "State" },
      { "code": "US-MI", "nameEn": "Michigan", "type": "State" },
      { "code": "US-MN", "nameEn": "Minnesota", "type": "State" },
      { "code": "US-MS", "nameEn": "Mississippi", "type": "State" },
      { "code": "US-MO", "nameEn": "Missouri", "type": "State" },
      { "code": "US-MT", "nameEn": "Montana", "type": "State" },
      { "code": "US-NE", "nameEn": "Nebraska", "type": "State" },
      { "code": "US-NV", "nameEn": "Nevada", "type": "State" },
      { "code": "US-NH", "nameEn": "New Hampshire", "type": "State" },
      { "code": "US-NJ", "nameEn": "New Jersey", "type": "State" },
      { "code": "US-NM", "nameEn": "New Mexico", "type": "State" },
      { "code": "US-NY", "nameEn": "New York", "type": "State" },
      { "code": "US-NC", "nameEn": "North Carolina", "type": "State" },
      { "code": "US-ND", "nameEn": "North Dakota", "type": "State" },
      { "code": "US-OH", "nameEn": "Ohio", "type": "State" },
      { "code": "US-OK", "nameEn": "Oklahoma", "type": "State" },
      { "code": "US-OR", "nameEn": "Oregon", "type": "State" },
      { "code": "US-PA", "nameEn": "Pennsylvania", "type": "State" },
      { "code": "US-RI", "nameEn": "Rhode Island", "type": "State" },
      { "code": "US-SC", "nameEn": "South Carolina", "type": "State" },
      { "code": "US-SD", "nameEn": "South Dakota", "type": "State" },
      { "code": "US-TN", "nameEn": "Tennessee", "type": "State" },
      { "code": "US-TX", "nameEn": "Texas", "type": "State" },
      { "code": "US-UT", "nameEn": "Utah", "type": "State" },
      { "code": "US-VT", "nameEn": "Vermont", "type": "State" },
      { "code": "US-VA", "nameEn": "Virginia", "type": "State" },
      { "code": "US-WA", "nameEn": "Washington", "type": "State" },
      { "code": "US-WV", "nameEn": "West Virginia", "type": "State" },
      { "code": "US-WI", "nameEn": "Wisconsin", "type": "State" },
      { "code": "US-WY", "nameEn": "Wyoming", "type": "State" },
      { "code": "US-DC", "nameEn": "District of Columbia", "type": "District" },
      { "code": "US-AS", "nameEn": "American Samoa", "type": "Outlying area" },
      { "code": "US-GU", "nameEn": "Guam", "type": "Outlying area" },
      { "code": "US-MP", "nameEn": "Northern Mariana Islands", "type": "Outlying area" },
      { "code": "US-PR", "nameEn": "Puerto Rico", "type": "Outlying area" },
      { "code": "US-VI", "nameEn": "U.S. Virgin Islands", "type": "Outlying area" },
      { "code": "US-UM", "nameEn": "U.S. Minor Outlying Islands", "type": "Outlying area" }
    ]
  },
  "JP": {
    "countryNameEn": "Japan",
    "countryNameKo": "일본",
    "alpha2": "JP",
    "subdivisionCount": 47,
    "subdivisions": [
      { "code": "JP-01", "nameEn": "Hokkaido", "nameLocal": "北海道", "type": "Prefecture" },
      { "code": "JP-02", "nameEn": "Aomori", "nameLocal": "青森県", "type": "Prefecture" },
      { "code": "JP-03", "nameEn": "Iwate", "nameLocal": "岩手県", "type": "Prefecture" },
      { "code": "JP-04", "nameEn": "Miyagi", "nameLocal": "宮城県", "type": "Prefecture" },
      { "code": "JP-05", "nameEn": "Akita", "nameLocal": "秋田県", "type": "Prefecture" },
      { "code": "JP-06", "nameEn": "Yamagata", "nameLocal": "山形県", "type": "Prefecture" },
      { "code": "JP-07", "nameEn": "Fukushima", "nameLocal": "福島県", "type": "Prefecture" },
      { "code": "JP-08", "nameEn": "Ibaraki", "nameLocal": "茨城県", "type": "Prefecture" },
      { "code": "JP-09", "nameEn": "Tochigi", "nameLocal": "栃木県", "type": "Prefecture" },
      { "code": "JP-10", "nameEn": "Gunma", "nameLocal": "群馬県", "type": "Prefecture" },
      { "code": "JP-11", "nameEn": "Saitama", "nameLocal": "埼玉県", "type": "Prefecture" },
      { "code": "JP-12", "nameEn": "Chiba", "nameLocal": "千葉県", "type": "Prefecture" },
      { "code": "JP-13", "nameEn": "Tokyo", "nameLocal": "東京都", "type": "Metropolis" },
      { "code": "JP-14", "nameEn": "Kanagawa", "nameLocal": "神奈川県", "type": "Prefecture" },
      { "code": "JP-15", "nameEn": "Niigata", "nameLocal": "新潟県", "type": "Prefecture" },
      { "code": "JP-16", "nameEn": "Toyama", "nameLocal": "富山県", "type": "Prefecture" },
      { "code": "JP-17", "nameEn": "Ishikawa", "nameLocal": "石川県", "type": "Prefecture" },
      { "code": "JP-18", "nameEn": "Fukui", "nameLocal": "福井県", "type": "Prefecture" },
      { "code": "JP-19", "nameEn": "Yamanashi", "nameLocal": "山梨県", "type": "Prefecture" },
      { "code": "JP-20", "nameEn": "Nagano", "nameLocal": "長野県", "type": "Prefecture" },
      { "code": "JP-21", "nameEn": "Gifu", "nameLocal": "岐阜県", "type": "Prefecture" },
      { "code": "JP-22", "nameEn": "Shizuoka", "nameLocal": "静岡県", "type": "Prefecture" },
      { "code": "JP-23", "nameEn": "Aichi", "nameLocal": "愛知県", "type": "Prefecture" },
      { "code": "JP-24", "nameEn": "Mie", "nameLocal": "三重県", "type": "Prefecture" },
      { "code": "JP-25", "nameEn": "Shiga", "nameLocal": "滋賀県", "type": "Prefecture" },
      { "code": "JP-26", "nameEn": "Kyoto", "nameLocal": "京都府", "type": "Urban prefecture" },
      { "code": "JP-27", "nameEn": "Osaka", "nameLocal": "大阪府", "type": "Urban prefecture" },
      { "code": "JP-28", "nameEn": "Hyogo", "nameLocal": "兵庫県", "type": "Prefecture" },
      { "code": "JP-29", "nameEn": "Nara", "nameLocal": "奈良県", "type": "Prefecture" },
      { "code": "JP-30", "nameEn": "Wakayama", "nameLocal": "和歌山県", "type": "Prefecture" },
      { "code": "JP-31", "nameEn": "Tottori", "nameLocal": "鳥取県", "type": "Prefecture" },
      { "code": "JP-32", "nameEn": "Shimane", "nameLocal": "島根県", "type": "Prefecture" },
      { "code": "JP-33", "nameEn": "Okayama", "nameLocal": "岡山県", "type": "Prefecture" },
      { "code": "JP-34", "nameEn": "Hiroshima", "nameLocal": "広島県", "type": "Prefecture" },
      { "code": "JP-35", "nameEn": "Yamaguchi", "nameLocal": "山口県", "type": "Prefecture" },
      { "code": "JP-36", "nameEn": "Tokushima", "nameLocal": "徳島県", "type": "Prefecture" },
      { "code": "JP-37", "nameEn": "Kagawa", "nameLocal": "香川県", "type": "Prefecture" },
      { "code": "JP-38", "nameEn": "Ehime", "nameLocal": "愛媛県", "type": "Prefecture" },
      { "code": "JP-39", "nameEn": "Kochi", "nameLocal": "高知県", "type": "Prefecture" },
      { "code": "JP-40", "nameEn": "Fukuoka", "nameLocal": "福岡県", "type": "Prefecture" },
      { "code": "JP-41", "nameEn": "Saga", "nameLocal": "佐賀県", "type": "Prefecture" },
      { "code": "JP-42", "nameEn": "Nagasaki", "nameLocal": "長崎県", "type": "Prefecture" },
      { "code": "JP-43", "nameEn": "Kumamoto", "nameLocal": "熊本県", "type": "Prefecture" },
      { "code": "JP-44", "nameEn": "Oita", "nameLocal": "大分県", "type": "Prefecture" },
      { "code": "JP-45", "nameEn": "Miyazaki", "nameLocal": "宮崎県", "type": "Prefecture" },
      { "code": "JP-46", "nameEn": "Kagoshima", "nameLocal": "鹿児島県", "type": "Prefecture" },
      { "code": "JP-47", "nameEn": "Okinawa", "nameLocal": "沖縄県", "type": "Prefecture" }
    ]
  },
  "CN": {
    "countryNameEn": "China",
    "countryNameKo": "중국",
    "alpha2": "CN",
    "subdivisionCount": 34,
    "subdivisions": [
      { "code": "CN-BJ", "nameEn": "Beijing", "nameLocal": "北京市", "type": "Municipality" },
      { "code": "CN-TJ", "nameEn": "Tianjin", "nameLocal": "天津市", "type": "Municipality" },
      { "code": "CN-SH", "nameEn": "Shanghai", "nameLocal": "上海市", "type": "Municipality" },
      { "code": "CN-CQ", "nameEn": "Chongqing", "nameLocal": "重庆市", "type": "Municipality" },
      { "code": "CN-HE", "nameEn": "Hebei", "nameLocal": "河北省", "type": "Province" },
      { "code": "CN-SX", "nameEn": "Shanxi", "nameLocal": "山西省", "type": "Province" },
      { "code": "CN-NM", "nameEn": "Inner Mongolia", "nameLocal": "内蒙古自治区", "type": "Autonomous region" },
      { "code": "CN-LN", "nameEn": "Liaoning", "nameLocal": "辽宁省", "type": "Province" },
      { "code": "CN-JL", "nameEn": "Jilin", "nameLocal": "吉林省", "type": "Province" },
      { "code": "CN-HL", "nameEn": "Heilongjiang", "nameLocal": "黑龙江省", "type": "Province" },
      { "code": "CN-JS", "nameEn": "Jiangsu", "nameLocal": "江苏省", "type": "Province" },
      { "code": "CN-ZJ", "nameEn": "Zhejiang", "nameLocal": "浙江省", "type": "Province" },
      { "code": "CN-AH", "nameEn": "Anhui", "nameLocal": "安徽省", "type": "Province" },
      { "code": "CN-FJ", "nameEn": "Fujian", "nameLocal": "福建省", "type": "Province" },
      { "code": "CN-JX", "nameEn": "Jiangxi", "nameLocal": "江西省", "type": "Province" },
      { "code": "CN-SD", "nameEn": "Shandong", "nameLocal": "山东省", "type": "Province" },
      { "code": "CN-HA", "nameEn": "Henan", "nameLocal": "河南省", "type": "Province" },
      { "code": "CN-HB", "nameEn": "Hubei", "nameLocal": "湖北省", "type": "Province" },
      { "code": "CN-HN", "nameEn": "Hunan", "nameLocal": "湖南省", "type": "Province" },
      { "code": "CN-GD", "nameEn": "Guangdong", "nameLocal": "广东省", "type": "Province" },
      { "code": "CN-GX", "nameEn": "Guangxi Zhuang", "nameLocal": "广西壮族自治区", "type": "Autonomous region" },
      { "code": "CN-HI", "nameEn": "Hainan", "nameLocal": "海南省", "type": "Province" },
      { "code": "CN-SC", "nameEn": "Sichuan", "nameLocal": "四川省", "type": "Province" },
      { "code": "CN-GZ", "nameEn": "Guizhou", "nameLocal": "贵州省", "type": "Province" },
      { "code": "CN-YN", "nameEn": "Yunnan", "nameLocal": "云南省", "type": "Province" },
      { "code": "CN-XZ", "nameEn": "Tibet", "nameLocal": "西藏自治区", "type": "Autonomous region" },
      { "code": "CN-SN", "nameEn": "Shaanxi", "nameLocal": "陕西省", "type": "Province" },
      { "code": "CN-GS", "nameEn": "Gansu", "nameLocal": "甘肃省", "type": "Province" },
      { "code": "CN-QH", "nameEn": "Qinghai", "nameLocal": "青海省", "type": "Province" },
      { "code": "CN-NX", "nameEn": "Ningxia Hui", "nameLocal": "宁夏回族自治区", "type": "Autonomous region" },
      { "code": "CN-XJ", "nameEn": "Xinjiang Uygur", "nameLocal": "新疆维吾尔自治区", "type": "Autonomous region" },
      { "code": "CN-TW", "nameEn": "Taiwan", "nameLocal": "台湾省", "type": "Province" },
      { "code": "CN-HK", "nameEn": "Hong Kong", "nameLocal": "香港特别行政区", "type": "Special administrative region" },
      { "code": "CN-MO", "nameEn": "Macao", "nameLocal": "澳门特别行政区", "type": "Special administrative region" }
    ]
  },
  "GB": {
    "countryNameEn": "United Kingdom",
    "countryNameKo": "영국",
    "alpha2": "GB",
    "subdivisionCount": 4,
    "subdivisions": [
      { "code": "GB-ENG", "nameEn": "England", "type": "Country" },
      { "code": "GB-SCT", "nameEn": "Scotland", "type": "Country" },
      { "code": "GB-WLS", "nameEn": "Wales", "type": "Country" },
      { "code": "GB-NIR", "nameEn": "Northern Ireland", "type": "Province" }
    ]
  },
  "DE": {
    "countryNameEn": "Germany",
    "countryNameKo": "독일",
    "alpha2": "DE",
    "subdivisionCount": 16,
    "subdivisions": [
      { "code": "DE-BW", "nameEn": "Baden-Württemberg", "nameLocal": "Baden-Württemberg", "type": "Land" },
      { "code": "DE-BY", "nameEn": "Bavaria", "nameLocal": "Bayern", "type": "Land" },
      { "code": "DE-BE", "nameEn": "Berlin", "nameLocal": "Berlin", "type": "Land (city-state)" },
      { "code": "DE-BB", "nameEn": "Brandenburg", "nameLocal": "Brandenburg", "type": "Land" },
      { "code": "DE-HB", "nameEn": "Bremen", "nameLocal": "Bremen", "type": "Land (city-state)" },
      { "code": "DE-HH", "nameEn": "Hamburg", "nameLocal": "Hamburg", "type": "Land (city-state)" },
      { "code": "DE-HE", "nameEn": "Hesse", "nameLocal": "Hessen", "type": "Land" },
      { "code": "DE-NI", "nameEn": "Lower Saxony", "nameLocal": "Niedersachsen", "type": "Land" },
      { "code": "DE-MV", "nameEn": "Mecklenburg-Western Pomerania", "nameLocal": "Mecklenburg-Vorpommern", "type": "Land" },
      { "code": "DE-NW", "nameEn": "North Rhine-Westphalia", "nameLocal": "Nordrhein-Westfalen", "type": "Land" },
      { "code": "DE-RP", "nameEn": "Rhineland-Palatinate", "nameLocal": "Rheinland-Pfalz", "type": "Land" },
      { "code": "DE-SL", "nameEn": "Saarland", "nameLocal": "Saarland", "type": "Land" },
      { "code": "DE-SN", "nameEn": "Saxony", "nameLocal": "Sachsen", "type": "Land" },
      { "code": "DE-ST", "nameEn": "Saxony-Anhalt", "nameLocal": "Sachsen-Anhalt", "type": "Land" },
      { "code": "DE-SH", "nameEn": "Schleswig-Holstein", "nameLocal": "Schleswig-Holstein", "type": "Land" },
      { "code": "DE-TH", "nameEn": "Thuringia", "nameLocal": "Thüringen", "type": "Land" }
    ]
  },
  "FR": {
    "countryNameEn": "France",
    "countryNameKo": "프랑스",
    "alpha2": "FR",
    "subdivisionCount": 18,
    "subdivisions": [
      { "code": "FR-ARA", "nameEn": "Auvergne-Rhône-Alpes", "nameLocal": "Auvergne-Rhône-Alpes", "type": "Region" },
      { "code": "FR-BFC", "nameEn": "Bourgogne-Franche-Comté", "nameLocal": "Bourgogne-Franche-Comté", "type": "Region" },
      { "code": "FR-BRE", "nameEn": "Brittany", "nameLocal": "Bretagne", "type": "Region" },
      { "code": "FR-CVL", "nameEn": "Centre-Val de Loire", "nameLocal": "Centre-Val de Loire", "type": "Region" },
      { "code": "FR-20R", "nameEn": "Corsica", "nameLocal": "Corse", "type": "Territorial collectivity" },
      { "code": "FR-GES", "nameEn": "Grand Est", "nameLocal": "Grand Est", "type": "Region" },
      { "code": "FR-HDF", "nameEn": "Hauts-de-France", "nameLocal": "Hauts-de-France", "type": "Region" },
      { "code": "FR-IDF", "nameEn": "Île-de-France", "nameLocal": "Île-de-France", "type": "Region" },
      { "code": "FR-NOR", "nameEn": "Normandy", "nameLocal": "Normandie", "type": "Region" },
      { "code": "FR-NAQ", "nameEn": "Nouvelle-Aquitaine", "nameLocal": "Nouvelle-Aquitaine", "type": "Region" },
      { "code": "FR-OCC", "nameEn": "Occitanie", "nameLocal": "Occitanie", "type": "Region" },
      { "code": "FR-PDL", "nameEn": "Pays de la Loire", "nameLocal": "Pays de la Loire", "type": "Region" },
      { "code": "FR-PAC", "nameEn": "Provence-Alpes-Côte d'Azur", "nameLocal": "Provence-Alpes-Côte d'Azur", "type": "Region" },
      { "code": "FR-971", "nameEn": "Guadeloupe", "nameLocal": "Guadeloupe", "type": "Overseas department/region" },
      { "code": "FR-972", "nameEn": "Martinique", "nameLocal": "Martinique", "type": "Overseas territorial collectivity" },
      { "code": "FR-973", "nameEn": "French Guiana", "nameLocal": "Guyane", "type": "Overseas territorial collectivity" },
      { "code": "FR-974", "nameEn": "Réunion", "nameLocal": "La Réunion", "type": "Overseas department/region" },
      { "code": "FR-976", "nameEn": "Mayotte", "nameLocal": "Mayotte", "type": "Overseas department/region" }
    ]
  },
  "CA": {
    "countryNameEn": "Canada",
    "countryNameKo": "캐나다",
    "alpha2": "CA",
    "subdivisionCount": 13,
    "subdivisions": [
      { "code": "CA-AB", "nameEn": "Alberta", "type": "Province" },
      { "code": "CA-BC", "nameEn": "British Columbia", "type": "Province" },
      { "code": "CA-MB", "nameEn": "Manitoba", "type": "Province" },
      { "code": "CA-NB", "nameEn": "New Brunswick", "type": "Province" },
      { "code": "CA-NL", "nameEn": "Newfoundland and Labrador", "type": "Province" },
      { "code": "CA-NS", "nameEn": "Nova Scotia", "type": "Province" },
      { "code": "CA-ON", "nameEn": "Ontario", "type": "Province" },
      { "code": "CA-PE", "nameEn": "Prince Edward Island", "type": "Province" },
      { "code": "CA-QC", "nameEn": "Quebec", "type": "Province" },
      { "code": "CA-SK", "nameEn": "Saskatchewan", "type": "Province" },
      { "code": "CA-NT", "nameEn": "Northwest Territories", "type": "Territory" },
      { "code": "CA-NU", "nameEn": "Nunavut", "type": "Territory" },
      { "code": "CA-YT", "nameEn": "Yukon", "type": "Territory" }
    ]
  },
  "AU": {
    "countryNameEn": "Australia",
    "countryNameKo": "호주",
    "alpha2": "AU",
    "subdivisionCount": 8,
    "subdivisions": [
      { "code": "AU-ACT", "nameEn": "Australian Capital Territory", "type": "Territory" },
      { "code": "AU-NSW", "nameEn": "New South Wales", "type": "State" },
      { "code": "AU-NT", "nameEn": "Northern Territory", "type": "Territory" },
      { "code": "AU-QLD", "nameEn": "Queensland", "type": "State" },
      { "code": "AU-SA", "nameEn": "South Australia", "type": "State" },
      { "code": "AU-TAS", "nameEn": "Tasmania", "type": "State" },
      { "code": "AU-VIC", "nameEn": "Victoria", "type": "State" },
      { "code": "AU-WA", "nameEn": "Western Australia", "type": "State" }
    ]
  },
  "IN": {
    "countryNameEn": "India",
    "countryNameKo": "인도",
    "alpha2": "IN",
    "subdivisionCount": 36,
    "subdivisions": [
      { "code": "IN-AP", "nameEn": "Andhra Pradesh", "type": "State" },
      { "code": "IN-AR", "nameEn": "Arunachal Pradesh", "type": "State" },
      { "code": "IN-AS", "nameEn": "Assam", "type": "State" },
      { "code": "IN-BR", "nameEn": "Bihar", "type": "State" },
      { "code": "IN-CT", "nameEn": "Chhattisgarh", "type": "State" },
      { "code": "IN-GA", "nameEn": "Goa", "type": "State" },
      { "code": "IN-GJ", "nameEn": "Gujarat", "type": "State" },
      { "code": "IN-HR", "nameEn": "Haryana", "type": "State" },
      { "code": "IN-HP", "nameEn": "Himachal Pradesh", "type": "State" },
      { "code": "IN-JH", "nameEn": "Jharkhand", "type": "State" },
      { "code": "IN-KA", "nameEn": "Karnataka", "type": "State" },
      { "code": "IN-KL", "nameEn": "Kerala", "type": "State" },
      { "code": "IN-MP", "nameEn": "Madhya Pradesh", "type": "State" },
      { "code": "IN-MH", "nameEn": "Maharashtra", "type": "State" },
      { "code": "IN-MN", "nameEn": "Manipur", "type": "State" },
      { "code": "IN-ML", "nameEn": "Meghalaya", "type": "State" },
      { "code": "IN-MZ", "nameEn": "Mizoram", "type": "State" },
      { "code": "IN-NL", "nameEn": "Nagaland", "type": "State" },
      { "code": "IN-OR", "nameEn": "Odisha", "type": "State" },
      { "code": "IN-PB", "nameEn": "Punjab", "type": "State" },
      { "code": "IN-RJ", "nameEn": "Rajasthan", "type": "State" },
      { "code": "IN-SK", "nameEn": "Sikkim", "type": "State" },
      { "code": "IN-TN", "nameEn": "Tamil Nadu", "type": "State" },
      { "code": "IN-TG", "nameEn": "Telangana", "type": "State" },
      { "code": "IN-TR", "nameEn": "Tripura", "type": "State" },
      { "code": "IN-UP", "nameEn": "Uttar Pradesh", "type": "State" },
      { "code": "IN-UT", "nameEn": "Uttarakhand", "type": "State" },
      { "code": "IN-WB", "nameEn": "West Bengal", "type": "State" },
      { "code": "IN-AN", "nameEn": "Andaman and Nicobar Islands", "type": "Union territory" },
      { "code": "IN-CH", "nameEn": "Chandigarh", "type": "Union territory" },
      { "code": "IN-DH", "nameEn": "Dadra and Nagar Haveli and Daman and Diu", "type": "Union territory" },
      { "code": "IN-DL", "nameEn": "Delhi", "type": "Union territory" },
      { "code": "IN-JK", "nameEn": "Jammu and Kashmir", "type": "Union territory" },
      { "code": "IN-LA", "nameEn": "Ladakh", "type": "Union territory" },
      { "code": "IN-LD", "nameEn": "Lakshadweep", "type": "Union territory" },
      { "code": "IN-PY", "nameEn": "Puducherry", "type": "Union territory" }
    ]
  },
  "BR": {
    "countryNameEn": "Brazil",
    "countryNameKo": "브라질",
    "alpha2": "BR",
    "subdivisionCount": 27,
    "subdivisions": [
      { "code": "BR-AC", "nameEn": "Acre", "type": "State" },
      { "code": "BR-AL", "nameEn": "Alagoas", "type": "State" },
      { "code": "BR-AP", "nameEn": "Amapá", "type": "State" },
      { "code": "BR-AM", "nameEn": "Amazonas", "type": "State" },
      { "code": "BR-BA", "nameEn": "Bahia", "type": "State" },
      { "code": "BR-CE", "nameEn": "Ceará", "type": "State" },
      { "code": "BR-DF", "nameEn": "Distrito Federal", "type": "Federal district" },
      { "code": "BR-ES", "nameEn": "Espírito Santo", "type": "State" },
      { "code": "BR-GO", "nameEn": "Goiás", "type": "State" },
      { "code": "BR-MA", "nameEn": "Maranhão", "type": "State" },
      { "code": "BR-MT", "nameEn": "Mato Grosso", "type": "State" },
      { "code": "BR-MS", "nameEn": "Mato Grosso do Sul", "type": "State" },
      { "code": "BR-MG", "nameEn": "Minas Gerais", "type": "State" },
      { "code": "BR-PA", "nameEn": "Pará", "type": "State" },
      { "code": "BR-PB", "nameEn": "Paraíba", "type": "State" },
      { "code": "BR-PR", "nameEn": "Paraná", "type": "State" },
      { "code": "BR-PE", "nameEn": "Pernambuco", "type": "State" },
      { "code": "BR-PI", "nameEn": "Piauí", "type": "State" },
      { "code": "BR-RJ", "nameEn": "Rio de Janeiro", "type": "State" },
      { "code": "BR-RN", "nameEn": "Rio Grande do Norte", "type": "State" },
      { "code": "BR-RS", "nameEn": "Rio Grande do Sul", "type": "State" },
      { "code": "BR-RO", "nameEn": "Rondônia", "type": "State" },
      { "code": "BR-RR", "nameEn": "Roraima", "type": "State" },
      { "code": "BR-SC", "nameEn": "Santa Catarina", "type": "State" },
      { "code": "BR-SP", "nameEn": "São Paulo", "type": "State" },
      { "code": "BR-SE", "nameEn": "Sergipe", "type": "State" },
      { "code": "BR-TO", "nameEn": "Tocantins", "type": "State" }
    ]
  },
  "IT": {
    "countryNameEn": "Italy",
    "countryNameKo": "이탈리아",
    "alpha2": "IT",
    "subdivisionCount": 20,
    "subdivisions": [
      { "code": "IT-65", "nameEn": "Abruzzo", "nameLocal": "Abruzzo", "type": "Region" },
      { "code": "IT-77", "nameEn": "Basilicata", "nameLocal": "Basilicata", "type": "Region" },
      { "code": "IT-78", "nameEn": "Calabria", "nameLocal": "Calabria", "type": "Region" },
      { "code": "IT-72", "nameEn": "Campania", "nameLocal": "Campania", "type": "Region" },
      { "code": "IT-45", "nameEn": "Emilia-Romagna", "nameLocal": "Emilia-Romagna", "type": "Region" },
      { "code": "IT-36", "nameEn": "Friuli-Venezia Giulia", "nameLocal": "Friuli-Venezia Giulia", "type": "Autonomous region" },
      { "code": "IT-62", "nameEn": "Lazio", "nameLocal": "Lazio", "type": "Region" },
      { "code": "IT-42", "nameEn": "Liguria", "nameLocal": "Liguria", "type": "Region" },
      { "code": "IT-25", "nameEn": "Lombardy", "nameLocal": "Lombardia", "type": "Region" },
      { "code": "IT-57", "nameEn": "Marche", "nameLocal": "Marche", "type": "Region" },
      { "code": "IT-67", "nameEn": "Molise", "nameLocal": "Molise", "type": "Region" },
      { "code": "IT-21", "nameEn": "Piedmont", "nameLocal": "Piemonte", "type": "Region" },
      { "code": "IT-75", "nameEn": "Apulia", "nameLocal": "Puglia", "type": "Region" },
      { "code": "IT-88", "nameEn": "Sardinia", "nameLocal": "Sardegna", "type": "Autonomous region" },
      { "code": "IT-82", "nameEn": "Sicily", "nameLocal": "Sicilia", "type": "Autonomous region" },
      { "code": "IT-32", "nameEn": "Trentino-South Tyrol", "nameLocal": "Trentino-Alto Adige", "type": "Autonomous region" },
      { "code": "IT-52", "nameEn": "Tuscany", "nameLocal": "Toscana", "type": "Region" },
      { "code": "IT-55", "nameEn": "Umbria", "nameLocal": "Umbria", "type": "Region" },
      { "code": "IT-23", "nameEn": "Aosta Valley", "nameLocal": "Valle d'Aosta", "type": "Autonomous region" },
      { "code": "IT-34", "nameEn": "Veneto", "nameLocal": "Veneto", "type": "Region" }
    ]
  },
  "ES": {
    "countryNameEn": "Spain",
    "countryNameKo": "스페인",
    "alpha2": "ES",
    "subdivisionCount": 19,
    "subdivisions": [
      { "code": "ES-AN", "nameEn": "Andalusia", "nameLocal": "Andalucía", "type": "Autonomous community" },
      { "code": "ES-AR", "nameEn": "Aragon", "nameLocal": "Aragón", "type": "Autonomous community" },
      { "code": "ES-AS", "nameEn": "Asturias", "nameLocal": "Asturias", "type": "Autonomous community" },
      { "code": "ES-IB", "nameEn": "Balearic Islands", "nameLocal": "Islas Baleares", "type": "Autonomous community" },
      { "code": "ES-PV", "nameEn": "Basque Country", "nameLocal": "País Vasco", "type": "Autonomous community" },
      { "code": "ES-CN", "nameEn": "Canary Islands", "nameLocal": "Islas Canarias", "type": "Autonomous community" },
      { "code": "ES-CB", "nameEn": "Cantabria", "nameLocal": "Cantabria", "type": "Autonomous community" },
      { "code": "ES-CL", "nameEn": "Castile and León", "nameLocal": "Castilla y León", "type": "Autonomous community" },
      { "code": "ES-CM", "nameEn": "Castilla-La Mancha", "nameLocal": "Castilla-La Mancha", "type": "Autonomous community" },
      { "code": "ES-CT", "nameEn": "Catalonia", "nameLocal": "Cataluña", "type": "Autonomous community" },
      { "code": "ES-EX", "nameEn": "Extremadura", "nameLocal": "Extremadura", "type": "Autonomous community" },
      { "code": "ES-GA", "nameEn": "Galicia", "nameLocal": "Galicia", "type": "Autonomous community" },
      { "code": "ES-RI", "nameEn": "La Rioja", "nameLocal": "La Rioja", "type": "Autonomous community" },
      { "code": "ES-MD", "nameEn": "Madrid", "nameLocal": "Madrid", "type": "Autonomous community" },
      { "code": "ES-MC", "nameEn": "Murcia", "nameLocal": "Murcia", "type": "Autonomous community" },
      { "code": "ES-NC", "nameEn": "Navarra", "nameLocal": "Navarra", "type": "Autonomous community" },
      { "code": "ES-VC", "nameEn": "Valencia", "nameLocal": "Comunidad Valenciana", "type": "Autonomous community" },
      { "code": "ES-CE", "nameEn": "Ceuta", "nameLocal": "Ceuta", "type": "Autonomous city" },
      { "code": "ES-ML", "nameEn": "Melilla", "nameLocal": "Melilla", "type": "Autonomous city" }
    ]
  },
  "RU": {
    "countryNameEn": "Russia",
    "countryNameKo": "러시아",
    "alpha2": "RU",
    "subdivisionCount": 83,
    "subdivisions": [
      { "code": "RU-MOW", "nameEn": "Moscow", "type": "Federal city" },
      { "code": "RU-SPE", "nameEn": "Saint Petersburg", "type": "Federal city" },
      { "code": "RU-AD", "nameEn": "Adygea", "type": "Republic" },
      { "code": "RU-AL", "nameEn": "Altai Republic", "type": "Republic" },
      { "code": "RU-BA", "nameEn": "Bashkortostan", "type": "Republic" },
      { "code": "RU-BU", "nameEn": "Buryatia", "type": "Republic" },
      { "code": "RU-CE", "nameEn": "Chechnya", "type": "Republic" },
      { "code": "RU-CU", "nameEn": "Chuvashia", "type": "Republic" },
      { "code": "RU-DA", "nameEn": "Dagestan", "type": "Republic" },
      { "code": "RU-IN", "nameEn": "Ingushetia", "type": "Republic" },
      { "code": "RU-KB", "nameEn": "Kabardino-Balkaria", "type": "Republic" },
      { "code": "RU-KL", "nameEn": "Kalmykia", "type": "Republic" },
      { "code": "RU-KC", "nameEn": "Karachay-Cherkessia", "type": "Republic" },
      { "code": "RU-KR", "nameEn": "Karelia", "type": "Republic" },
      { "code": "RU-KK", "nameEn": "Khakassia", "type": "Republic" },
      { "code": "RU-KO", "nameEn": "Komi", "type": "Republic" },
      { "code": "RU-ME", "nameEn": "Mari El", "type": "Republic" },
      { "code": "RU-MO", "nameEn": "Mordovia", "type": "Republic" },
      { "code": "RU-SA", "nameEn": "Sakha (Yakutia)", "type": "Republic" },
      { "code": "RU-SE", "nameEn": "North Ossetia-Alania", "type": "Republic" },
      { "code": "RU-TA", "nameEn": "Tatarstan", "type": "Republic" },
      { "code": "RU-TY", "nameEn": "Tuva", "type": "Republic" },
      { "code": "RU-UD", "nameEn": "Udmurtia", "type": "Republic" },
      { "code": "RU-ALT", "nameEn": "Altai Krai", "type": "Krai" },
      { "code": "RU-KAM", "nameEn": "Kamchatka Krai", "type": "Krai" },
      { "code": "RU-KHA", "nameEn": "Khabarovsk Krai", "type": "Krai" },
      { "code": "RU-KDA", "nameEn": "Krasnodar Krai", "type": "Krai" },
      { "code": "RU-KYA", "nameEn": "Krasnoyarsk Krai", "type": "Krai" },
      { "code": "RU-PER", "nameEn": "Perm Krai", "type": "Krai" },
      { "code": "RU-PRI", "nameEn": "Primorsky Krai", "type": "Krai" },
      { "code": "RU-STA", "nameEn": "Stavropol Krai", "type": "Krai" },
      { "code": "RU-ZAB", "nameEn": "Zabaykalsky Krai", "type": "Krai" },
      { "code": "RU-AMU", "nameEn": "Amur Oblast", "type": "Oblast" },
      { "code": "RU-ARK", "nameEn": "Arkhangelsk Oblast", "type": "Oblast" },
      { "code": "RU-AST", "nameEn": "Astrakhan Oblast", "type": "Oblast" },
      { "code": "RU-BEL", "nameEn": "Belgorod Oblast", "type": "Oblast" },
      { "code": "RU-BRY", "nameEn": "Bryansk Oblast", "type": "Oblast" },
      { "code": "RU-CHE", "nameEn": "Chelyabinsk Oblast", "type": "Oblast" },
      { "code": "RU-IRK", "nameEn": "Irkutsk Oblast", "type": "Oblast" },
      { "code": "RU-IVA", "nameEn": "Ivanovo Oblast", "type": "Oblast" },
      { "code": "RU-KGD", "nameEn": "Kaliningrad Oblast", "type": "Oblast" },
      { "code": "RU-KLU", "nameEn": "Kaluga Oblast", "type": "Oblast" },
      { "code": "RU-KEM", "nameEn": "Kemerovo Oblast", "type": "Oblast" },
      { "code": "RU-KIR", "nameEn": "Kirov Oblast", "type": "Oblast" },
      { "code": "RU-KOS", "nameEn": "Kostroma Oblast", "type": "Oblast" },
      { "code": "RU-KGN", "nameEn": "Kurgan Oblast", "type": "Oblast" },
      { "code": "RU-KRS", "nameEn": "Kursk Oblast", "type": "Oblast" },
      { "code": "RU-LEN", "nameEn": "Leningrad Oblast", "type": "Oblast" },
      { "code": "RU-LIP", "nameEn": "Lipetsk Oblast", "type": "Oblast" },
      { "code": "RU-MAG", "nameEn": "Magadan Oblast", "type": "Oblast" },
      { "code": "RU-MOS", "nameEn": "Moscow Oblast", "type": "Oblast" },
      { "code": "RU-MUR", "nameEn": "Murmansk Oblast", "type": "Oblast" },
      { "code": "RU-NIZ", "nameEn": "Nizhny Novgorod Oblast", "type": "Oblast" },
      { "code": "RU-NGR", "nameEn": "Novgorod Oblast", "type": "Oblast" },
      { "code": "RU-NVS", "nameEn": "Novosibirsk Oblast", "type": "Oblast" },
      { "code": "RU-OMS", "nameEn": "Omsk Oblast", "type": "Oblast" },
      { "code": "RU-ORE", "nameEn": "Orenburg Oblast", "type": "Oblast" },
      { "code": "RU-ORL", "nameEn": "Oryol Oblast", "type": "Oblast" },
      { "code": "RU-PNZ", "nameEn": "Penza Oblast", "type": "Oblast" },
      { "code": "RU-PSK", "nameEn": "Pskov Oblast", "type": "Oblast" },
      { "code": "RU-ROS", "nameEn": "Rostov Oblast", "type": "Oblast" },
      { "code": "RU-RYA", "nameEn": "Ryazan Oblast", "type": "Oblast" },
      { "code": "RU-SAK", "nameEn": "Sakhalin Oblast", "type": "Oblast" },
      { "code": "RU-SAM", "nameEn": "Samara Oblast", "type": "Oblast" },
      { "code": "RU-SAR", "nameEn": "Saratov Oblast", "type": "Oblast" },
      { "code": "RU-SMO", "nameEn": "Smolensk Oblast", "type": "Oblast" },
      { "code": "RU-SVE", "nameEn": "Sverdlovsk Oblast", "type": "Oblast" },
      { "code": "RU-TAM", "nameEn": "Tambov Oblast", "type": "Oblast" },
      { "code": "RU-TOM", "nameEn": "Tomsk Oblast", "type": "Oblast" },
      { "code": "RU-TUL", "nameEn": "Tula Oblast", "type": "Oblast" },
      { "code": "RU-TVE", "nameEn": "Tver Oblast", "type": "Oblast" },
      { "code": "RU-TYU", "nameEn": "Tyumen Oblast", "type": "Oblast" },
      { "code": "RU-ULY", "nameEn": "Ulyanovsk Oblast", "type": "Oblast" },
      { "code": "RU-VLA", "nameEn": "Vladimir Oblast", "type": "Oblast" },
      { "code": "RU-VGG", "nameEn": "Volgograd Oblast", "type": "Oblast" },
      { "code": "RU-VLG", "nameEn": "Vologda Oblast", "type": "Oblast" },
      { "code": "RU-VOR", "nameEn": "Voronezh Oblast", "type": "Oblast" },
      { "code": "RU-YAR", "nameEn": "Yaroslavl Oblast", "type": "Oblast" },
      { "code": "RU-YEV", "nameEn": "Jewish Autonomous Oblast", "type": "Autonomous oblast" },
      { "code": "RU-CHU", "nameEn": "Chukotka", "type": "Autonomous okrug" },
      { "code": "RU-KHM", "nameEn": "Khanty-Mansi (Yugra)", "type": "Autonomous okrug" },
      { "code": "RU-NEN", "nameEn": "Nenets", "type": "Autonomous okrug" },
      { "code": "RU-YAN", "nameEn": "Yamalo-Nenets", "type": "Autonomous okrug" }
    ]
  },
  "MX": {
    "countryNameEn": "Mexico",
    "countryNameKo": "멕시코",
    "alpha2": "MX",
    "subdivisionCount": 32,
    "subdivisions": [
      { "code": "MX-AGU", "nameEn": "Aguascalientes", "type": "State" },
      { "code": "MX-BCN", "nameEn": "Baja California", "type": "State" },
      { "code": "MX-BCS", "nameEn": "Baja California Sur", "type": "State" },
      { "code": "MX-CAM", "nameEn": "Campeche", "type": "State" },
      { "code": "MX-CHP", "nameEn": "Chiapas", "type": "State" },
      { "code": "MX-CHH", "nameEn": "Chihuahua", "type": "State" },
      { "code": "MX-COA", "nameEn": "Coahuila", "type": "State" },
      { "code": "MX-COL", "nameEn": "Colima", "type": "State" },
      { "code": "MX-CMX", "nameEn": "Ciudad de México", "type": "Federal entity" },
      { "code": "MX-DUR", "nameEn": "Durango", "type": "State" },
      { "code": "MX-GUA", "nameEn": "Guanajuato", "type": "State" },
      { "code": "MX-GRO", "nameEn": "Guerrero", "type": "State" },
      { "code": "MX-HID", "nameEn": "Hidalgo", "type": "State" },
      { "code": "MX-JAL", "nameEn": "Jalisco", "type": "State" },
      { "code": "MX-MEX", "nameEn": "State of Mexico", "type": "State" },
      { "code": "MX-MIC", "nameEn": "Michoacán", "type": "State" },
      { "code": "MX-MOR", "nameEn": "Morelos", "type": "State" },
      { "code": "MX-NAY", "nameEn": "Nayarit", "type": "State" },
      { "code": "MX-NLE", "nameEn": "Nuevo León", "type": "State" },
      { "code": "MX-OAX", "nameEn": "Oaxaca", "type": "State" },
      { "code": "MX-PUE", "nameEn": "Puebla", "type": "State" },
      { "code": "MX-QUE", "nameEn": "Querétaro", "type": "State" },
      { "code": "MX-ROO", "nameEn": "Quintana Roo", "type": "State" },
      { "code": "MX-SLP", "nameEn": "San Luis Potosí", "type": "State" },
      { "code": "MX-SIN", "nameEn": "Sinaloa", "type": "State" },
      { "code": "MX-SON", "nameEn": "Sonora", "type": "State" },
      { "code": "MX-TAB", "nameEn": "Tabasco", "type": "State" },
      { "code": "MX-TAM", "nameEn": "Tamaulipas", "type": "State" },
      { "code": "MX-TLA", "nameEn": "Tlaxcala", "type": "State" },
      { "code": "MX-VER", "nameEn": "Veracruz", "type": "State" },
      { "code": "MX-YUC", "nameEn": "Yucatán", "type": "State" },
      { "code": "MX-ZAC", "nameEn": "Zacatecas", "type": "State" }
    ]
  },
  "ID": {
    "countryNameEn": "Indonesia",
    "countryNameKo": "인도네시아",
    "alpha2": "ID",
    "subdivisionCount": 38,
    "subdivisions": [
      { "code": "ID-AC", "nameEn": "Aceh", "type": "Province (special)" },
      { "code": "ID-BA", "nameEn": "Bali", "type": "Province" },
      { "code": "ID-BB", "nameEn": "Bangka Belitung Islands", "type": "Province" },
      { "code": "ID-BT", "nameEn": "Banten", "type": "Province" },
      { "code": "ID-BE", "nameEn": "Bengkulu", "type": "Province" },
      { "code": "ID-GO", "nameEn": "Gorontalo", "type": "Province" },
      { "code": "ID-JA", "nameEn": "Jambi", "type": "Province" },
      { "code": "ID-JB", "nameEn": "West Java", "type": "Province" },
      { "code": "ID-JK", "nameEn": "Jakarta", "type": "Capital district" },
      { "code": "ID-JT", "nameEn": "Central Java", "type": "Province" },
      { "code": "ID-JI", "nameEn": "East Java", "type": "Province" },
      { "code": "ID-KB", "nameEn": "West Kalimantan", "type": "Province" },
      { "code": "ID-KS", "nameEn": "South Kalimantan", "type": "Province" },
      { "code": "ID-KT", "nameEn": "Central Kalimantan", "type": "Province" },
      { "code": "ID-KI", "nameEn": "East Kalimantan", "type": "Province" },
      { "code": "ID-KU", "nameEn": "North Kalimantan", "type": "Province" },
      { "code": "ID-KR", "nameEn": "Riau Islands", "type": "Province" },
      { "code": "ID-LA", "nameEn": "Lampung", "type": "Province" },
      { "code": "ID-MA", "nameEn": "Maluku", "type": "Province" },
      { "code": "ID-MU", "nameEn": "North Maluku", "type": "Province" },
      { "code": "ID-NB", "nameEn": "West Nusa Tenggara", "type": "Province" },
      { "code": "ID-NT", "nameEn": "East Nusa Tenggara", "type": "Province" },
      { "code": "ID-PA", "nameEn": "Papua", "type": "Province" },
      { "code": "ID-PB", "nameEn": "West Papua", "type": "Province" },
      { "code": "ID-PD", "nameEn": "Southwest Papua", "type": "Province" },
      { "code": "ID-PE", "nameEn": "Highland Papua", "type": "Province" },
      { "code": "ID-PS", "nameEn": "South Papua", "type": "Province" },
      { "code": "ID-PT", "nameEn": "Central Papua", "type": "Province" },
      { "code": "ID-RI", "nameEn": "Riau", "type": "Province" },
      { "code": "ID-SA", "nameEn": "North Sulawesi", "type": "Province" },
      { "code": "ID-SB", "nameEn": "West Sumatra", "type": "Province" },
      { "code": "ID-SG", "nameEn": "Southeast Sulawesi", "type": "Province" },
      { "code": "ID-SN", "nameEn": "South Sulawesi", "type": "Province" },
      { "code": "ID-SR", "nameEn": "West Sulawesi", "type": "Province" },
      { "code": "ID-SS", "nameEn": "South Sumatra", "type": "Province" },
      { "code": "ID-ST", "nameEn": "Central Sulawesi", "type": "Province" },
      { "code": "ID-SU", "nameEn": "North Sumatra", "type": "Province" },
      { "code": "ID-YO", "nameEn": "Yogyakarta", "type": "Special region" }
    ]
  },
  "TH": {
    "countryNameEn": "Thailand",
    "countryNameKo": "태국",
    "alpha2": "TH",
    "subdivisionCount": 77,
    "subdivisions": [
      { "code": "TH-10", "nameEn": "Bangkok", "nameLocal": "กรุงเทพมหานคร", "type": "Metropolitan administration" },
      { "code": "TH-11", "nameEn": "Samut Prakan", "type": "Province" },
      { "code": "TH-12", "nameEn": "Nonthaburi", "type": "Province" },
      { "code": "TH-13", "nameEn": "Pathum Thani", "type": "Province" },
      { "code": "TH-14", "nameEn": "Phra Nakhon Si Ayutthaya", "type": "Province" },
      { "code": "TH-15", "nameEn": "Ang Thong", "type": "Province" },
      { "code": "TH-16", "nameEn": "Lop Buri", "type": "Province" },
      { "code": "TH-17", "nameEn": "Sing Buri", "type": "Province" },
      { "code": "TH-18", "nameEn": "Chai Nat", "type": "Province" },
      { "code": "TH-19", "nameEn": "Saraburi", "type": "Province" },
      { "code": "TH-20", "nameEn": "Chon Buri", "type": "Province" },
      { "code": "TH-21", "nameEn": "Rayong", "type": "Province" },
      { "code": "TH-22", "nameEn": "Chanthaburi", "type": "Province" },
      { "code": "TH-23", "nameEn": "Trat", "type": "Province" },
      { "code": "TH-24", "nameEn": "Chachoengsao", "type": "Province" },
      { "code": "TH-25", "nameEn": "Prachin Buri", "type": "Province" },
      { "code": "TH-26", "nameEn": "Nakhon Nayok", "type": "Province" },
      { "code": "TH-27", "nameEn": "Sa Kaeo", "type": "Province" },
      { "code": "TH-30", "nameEn": "Nakhon Ratchasima", "type": "Province" },
      { "code": "TH-31", "nameEn": "Buri Ram", "type": "Province" },
      { "code": "TH-32", "nameEn": "Surin", "type": "Province" },
      { "code": "TH-33", "nameEn": "Si Sa Ket", "type": "Province" },
      { "code": "TH-34", "nameEn": "Ubon Ratchathani", "type": "Province" },
      { "code": "TH-35", "nameEn": "Yasothon", "type": "Province" },
      { "code": "TH-36", "nameEn": "Chaiyaphum", "type": "Province" },
      { "code": "TH-37", "nameEn": "Amnat Charoen", "type": "Province" },
      { "code": "TH-38", "nameEn": "Bueng Kan", "type": "Province" },
      { "code": "TH-39", "nameEn": "Nong Bua Lam Phu", "type": "Province" },
      { "code": "TH-40", "nameEn": "Khon Kaen", "type": "Province" },
      { "code": "TH-41", "nameEn": "Udon Thani", "type": "Province" },
      { "code": "TH-42", "nameEn": "Loei", "type": "Province" },
      { "code": "TH-43", "nameEn": "Nong Khai", "type": "Province" },
      { "code": "TH-44", "nameEn": "Maha Sarakham", "type": "Province" },
      { "code": "TH-45", "nameEn": "Roi Et", "type": "Province" },
      { "code": "TH-46", "nameEn": "Kalasin", "type": "Province" },
      { "code": "TH-47", "nameEn": "Sakon Nakhon", "type": "Province" },
      { "code": "TH-48", "nameEn": "Nakhon Phanom", "type": "Province" },
      { "code": "TH-49", "nameEn": "Mukdahan", "type": "Province" },
      { "code": "TH-50", "nameEn": "Chiang Mai", "type": "Province" },
      { "code": "TH-51", "nameEn": "Lamphun", "type": "Province" },
      { "code": "TH-52", "nameEn": "Lampang", "type": "Province" },
      { "code": "TH-53", "nameEn": "Uttaradit", "type": "Province" },
      { "code": "TH-54", "nameEn": "Phrae", "type": "Province" },
      { "code": "TH-55", "nameEn": "Nan", "type": "Province" },
      { "code": "TH-56", "nameEn": "Phayao", "type": "Province" },
      { "code": "TH-57", "nameEn": "Chiang Rai", "type": "Province" },
      { "code": "TH-58", "nameEn": "Mae Hong Son", "type": "Province" },
      { "code": "TH-60", "nameEn": "Nakhon Sawan", "type": "Province" },
      { "code": "TH-61", "nameEn": "Uthai Thani", "type": "Province" },
      { "code": "TH-62", "nameEn": "Kamphaeng Phet", "type": "Province" },
      { "code": "TH-63", "nameEn": "Tak", "type": "Province" },
      { "code": "TH-64", "nameEn": "Sukhothai", "type": "Province" },
      { "code": "TH-65", "nameEn": "Phitsanulok", "type": "Province" },
      { "code": "TH-66", "nameEn": "Phichit", "type": "Province" },
      { "code": "TH-67", "nameEn": "Phetchabun", "type": "Province" },
      { "code": "TH-70", "nameEn": "Ratchaburi", "type": "Province" },
      { "code": "TH-71", "nameEn": "Kanchanaburi", "type": "Province" },
      { "code": "TH-72", "nameEn": "Suphan Buri", "type": "Province" },
      { "code": "TH-73", "nameEn": "Nakhon Pathom", "type": "Province" },
      { "code": "TH-74", "nameEn": "Samut Sakhon", "type": "Province" },
      { "code": "TH-75", "nameEn": "Samut Songkhram", "type": "Province" },
      { "code": "TH-76", "nameEn": "Phetchaburi", "type": "Province" },
      { "code": "TH-77", "nameEn": "Prachuap Khiri Khan", "type": "Province" },
      { "code": "TH-80", "nameEn": "Nakhon Si Thammarat", "type": "Province" },
      { "code": "TH-81", "nameEn": "Krabi", "type": "Province" },
      { "code": "TH-82", "nameEn": "Phang Nga", "type": "Province" },
      { "code": "TH-83", "nameEn": "Phuket", "type": "Province" },
      { "code": "TH-84", "nameEn": "Surat Thani", "type": "Province" },
      { "code": "TH-85", "nameEn": "Ranong", "type": "Province" },
      { "code": "TH-86", "nameEn": "Chumphon", "type": "Province" },
      { "code": "TH-90", "nameEn": "Songkhla", "type": "Province" },
      { "code": "TH-91", "nameEn": "Satun", "type": "Province" },
      { "code": "TH-92", "nameEn": "Trang", "type": "Province" },
      { "code": "TH-93", "nameEn": "Phatthalung", "type": "Province" },
      { "code": "TH-94", "nameEn": "Pattani", "type": "Province" },
      { "code": "TH-95", "nameEn": "Yala", "type": "Province" },
      { "code": "TH-96", "nameEn": "Narathiwat", "type": "Province" }
    ]
  },
  "VN": {
    "countryNameEn": "Vietnam",
    "countryNameKo": "베트남",
    "alpha2": "VN",
    "subdivisionCount": 63,
    "subdivisions": [
      { "code": "VN-HN", "nameEn": "Hanoi", "nameLocal": "Hà Nội", "type": "Municipality" },
      { "code": "VN-SG", "nameEn": "Ho Chi Minh City", "nameLocal": "Thành phố Hồ Chí Minh", "type": "Municipality" },
      { "code": "VN-HP", "nameEn": "Hai Phong", "nameLocal": "Hải Phòng", "type": "Municipality" },
      { "code": "VN-DN", "nameEn": "Da Nang", "nameLocal": "Đà Nẵng", "type": "Municipality" },
      { "code": "VN-CT", "nameEn": "Can Tho", "nameLocal": "Cần Thơ", "type": "Municipality" },
      { "code": "VN-01", "nameEn": "Lai Chau", "type": "Province" },
      { "code": "VN-02", "nameEn": "Lao Cai", "type": "Province" },
      { "code": "VN-03", "nameEn": "Ha Giang", "type": "Province" },
      { "code": "VN-04", "nameEn": "Cao Bang", "type": "Province" },
      { "code": "VN-05", "nameEn": "Son La", "type": "Province" },
      { "code": "VN-06", "nameEn": "Yen Bai", "type": "Province" },
      { "code": "VN-07", "nameEn": "Tuyen Quang", "type": "Province" },
      { "code": "VN-09", "nameEn": "Lang Son", "type": "Province" },
      { "code": "VN-13", "nameEn": "Quang Ninh", "type": "Province" },
      { "code": "VN-14", "nameEn": "Hoa Binh", "type": "Province" },
      { "code": "VN-18", "nameEn": "Ninh Binh", "type": "Province" },
      { "code": "VN-20", "nameEn": "Thai Binh", "type": "Province" },
      { "code": "VN-21", "nameEn": "Thanh Hoa", "type": "Province" },
      { "code": "VN-22", "nameEn": "Nghe An", "type": "Province" },
      { "code": "VN-23", "nameEn": "Ha Tinh", "type": "Province" },
      { "code": "VN-24", "nameEn": "Quang Binh", "type": "Province" },
      { "code": "VN-25", "nameEn": "Quang Tri", "type": "Province" },
      { "code": "VN-26", "nameEn": "Thua Thien-Hue", "type": "Province" },
      { "code": "VN-27", "nameEn": "Quang Nam", "type": "Province" },
      { "code": "VN-28", "nameEn": "Kon Tum", "type": "Province" },
      { "code": "VN-29", "nameEn": "Quang Ngai", "type": "Province" },
      { "code": "VN-30", "nameEn": "Gia Lai", "type": "Province" },
      { "code": "VN-31", "nameEn": "Binh Dinh", "type": "Province" },
      { "code": "VN-32", "nameEn": "Phu Yen", "type": "Province" },
      { "code": "VN-33", "nameEn": "Dak Lak", "type": "Province" },
      { "code": "VN-34", "nameEn": "Khanh Hoa", "type": "Province" },
      { "code": "VN-35", "nameEn": "Lam Dong", "type": "Province" },
      { "code": "VN-36", "nameEn": "Ninh Thuan", "type": "Province" },
      { "code": "VN-37", "nameEn": "Tay Ninh", "type": "Province" },
      { "code": "VN-39", "nameEn": "Dong Nai", "type": "Province" },
      { "code": "VN-40", "nameEn": "Binh Thuan", "type": "Province" },
      { "code": "VN-41", "nameEn": "Long An", "type": "Province" },
      { "code": "VN-43", "nameEn": "Ba Ria-Vung Tau", "type": "Province" },
      { "code": "VN-44", "nameEn": "An Giang", "type": "Province" },
      { "code": "VN-45", "nameEn": "Dong Thap", "type": "Province" },
      { "code": "VN-46", "nameEn": "Tien Giang", "type": "Province" },
      { "code": "VN-47", "nameEn": "Kien Giang", "type": "Province" },
      { "code": "VN-49", "nameEn": "Vinh Long", "type": "Province" },
      { "code": "VN-50", "nameEn": "Ben Tre", "type": "Province" },
      { "code": "VN-51", "nameEn": "Tra Vinh", "type": "Province" },
      { "code": "VN-52", "nameEn": "Soc Trang", "type": "Province" },
      { "code": "VN-53", "nameEn": "Bac Kan", "type": "Province" },
      { "code": "VN-54", "nameEn": "Bac Giang", "type": "Province" },
      { "code": "VN-55", "nameEn": "Bac Lieu", "type": "Province" },
      { "code": "VN-56", "nameEn": "Bac Ninh", "type": "Province" },
      { "code": "VN-57", "nameEn": "Binh Duong", "type": "Province" },
      { "code": "VN-58", "nameEn": "Binh Phuoc", "type": "Province" },
      { "code": "VN-59", "nameEn": "Ca Mau", "type": "Province" },
      { "code": "VN-61", "nameEn": "Hai Duong", "type": "Province" },
      { "code": "VN-63", "nameEn": "Ha Nam", "type": "Province" },
      { "code": "VN-66", "nameEn": "Hung Yen", "type": "Province" },
      { "code": "VN-67", "nameEn": "Nam Dinh", "type": "Province" },
      { "code": "VN-68", "nameEn": "Phu Tho", "type": "Province" },
      { "code": "VN-69", "nameEn": "Thai Nguyen", "type": "Province" },
      { "code": "VN-70", "nameEn": "Vinh Phuc", "type": "Province" },
      { "code": "VN-71", "nameEn": "Dien Bien", "type": "Province" },
      { "code": "VN-72", "nameEn": "Dak Nong", "type": "Province" },
      { "code": "VN-73", "nameEn": "Hau Giang", "type": "Province" }
    ]
  },
  "PH": {
    "countryNameEn": "Philippines",
    "countryNameKo": "필리핀",
    "alpha2": "PH",
    "subdivisionCount": 17,
    "subdivisions": [
      { "code": "PH-00", "nameEn": "National Capital Region (NCR)", "type": "Region" },
      { "code": "PH-01", "nameEn": "Ilocos Region", "type": "Region" },
      { "code": "PH-02", "nameEn": "Cagayan Valley", "type": "Region" },
      { "code": "PH-03", "nameEn": "Central Luzon", "type": "Region" },
      { "code": "PH-05", "nameEn": "Bicol Region", "type": "Region" },
      { "code": "PH-06", "nameEn": "Western Visayas", "type": "Region" },
      { "code": "PH-07", "nameEn": "Central Visayas", "type": "Region" },
      { "code": "PH-08", "nameEn": "Eastern Visayas", "type": "Region" },
      { "code": "PH-09", "nameEn": "Zamboanga Peninsula", "type": "Region" },
      { "code": "PH-10", "nameEn": "Northern Mindanao", "type": "Region" },
      { "code": "PH-11", "nameEn": "Davao Region", "type": "Region" },
      { "code": "PH-12", "nameEn": "Soccsksargen", "type": "Region" },
      { "code": "PH-13", "nameEn": "Caraga", "type": "Region" },
      { "code": "PH-14", "nameEn": "Bangsamoro (BARMM)", "type": "Autonomous region" },
      { "code": "PH-15", "nameEn": "Cordillera Administrative Region (CAR)", "type": "Administrative region" },
      { "code": "PH-40", "nameEn": "Calabarzon", "type": "Region" },
      { "code": "PH-41", "nameEn": "Mimaropa", "type": "Region" }
    ]
  },
  "SG": {
    "countryNameEn": "Singapore",
    "countryNameKo": "싱가포르",
    "alpha2": "SG",
    "subdivisionCount": 5,
    "subdivisions": [
      { "code": "SG-01", "nameEn": "Central Singapore", "type": "District" },
      { "code": "SG-02", "nameEn": "North East", "type": "District" },
      { "code": "SG-03", "nameEn": "North West", "type": "District" },
      { "code": "SG-04", "nameEn": "South East", "type": "District" },
      { "code": "SG-05", "nameEn": "South West", "type": "District" }
    ]
  },
  "TW": {
    "countryNameEn": "Taiwan",
    "countryNameKo": "대만",
    "alpha2": "TW",
    "subdivisionCount": 22,
    "subdivisions": [
      { "code": "TW-TPE", "nameEn": "Taipei City", "nameLocal": "台北市", "type": "Special municipality" },
      { "code": "TW-NWT", "nameEn": "New Taipei City", "nameLocal": "新北市", "type": "Special municipality" },
      { "code": "TW-TAO", "nameEn": "Taoyuan", "nameLocal": "桃園市", "type": "Special municipality" },
      { "code": "TW-TXG", "nameEn": "Taichung City", "nameLocal": "台中市", "type": "Special municipality" },
      { "code": "TW-TNN", "nameEn": "Tainan City", "nameLocal": "台南市", "type": "Special municipality" },
      { "code": "TW-KHH", "nameEn": "Kaohsiung City", "nameLocal": "高雄市", "type": "Special municipality" },
      { "code": "TW-KEE", "nameEn": "Keelung City", "nameLocal": "基隆市", "type": "City" },
      { "code": "TW-HSZ", "nameEn": "Hsinchu City", "nameLocal": "新竹市", "type": "City" },
      { "code": "TW-CYI", "nameEn": "Chiayi City", "nameLocal": "嘉義市", "type": "City" },
      { "code": "TW-HSQ", "nameEn": "Hsinchu County", "nameLocal": "新竹縣", "type": "County" },
      { "code": "TW-MIA", "nameEn": "Miaoli County", "nameLocal": "苗栗縣", "type": "County" },
      { "code": "TW-CHA", "nameEn": "Changhua County", "nameLocal": "彰化縣", "type": "County" },
      { "code": "TW-NAN", "nameEn": "Nantou County", "nameLocal": "南投縣", "type": "County" },
      { "code": "TW-YUN", "nameEn": "Yunlin County", "nameLocal": "雲林縣", "type": "County" },
      { "code": "TW-CYQ", "nameEn": "Chiayi County", "nameLocal": "嘉義縣", "type": "County" },
      { "code": "TW-PIF", "nameEn": "Pingtung County", "nameLocal": "屏東縣", "type": "County" },
      { "code": "TW-ILA", "nameEn": "Yilan County", "nameLocal": "宜蘭縣", "type": "County" },
      { "code": "TW-HUA", "nameEn": "Hualien County", "nameLocal": "花蓮縣", "type": "County" },
      { "code": "TW-TTT", "nameEn": "Taitung County", "nameLocal": "台東縣", "type": "County" },
      { "code": "TW-PEN", "nameEn": "Penghu County", "nameLocal": "澎湖縣", "type": "County" },
      { "code": "TW-KIN", "nameEn": "Kinmen County", "nameLocal": "金門縣", "type": "County" },
      { "code": "TW-LIE", "nameEn": "Lienchiang County", "nameLocal": "連江縣", "type": "County" }
    ]
  }
}
